0,0,0,0,0,0.0,0
0,0,0,0,0,0.0,0
0,0,0,0,0,0.0,0
0,0,0,0,0,0.0,0
0,0,0,0,0,0.0,0
0,0,0,0,0,0.0,0
0,0,0,0,0,0.0,0
146,165,0,0,0,1130.1,0
146,165,0,0,0,1130.1,0
146,165,0,0,0,1130.1,0
146,165,0,0,0,1130.1,0
3377,184,196,0,0,61.0,0
3380,184,194,0,0,666.7,0
3385,184,189,0,0,1000.0,0
3387,184,186,0,0,1500.0,0
3395,185,181,0,0,728.4,0
3397,185,179,0,0,1000.0,0
3405,185,176,0,0,428.6,0
3407,185,174,0,0,1000.0,0
3414,185,170,0,0,666.7,0
3417,185,168,0,0,666.7,0
3423,184,164,0,0,824.6,0
3427,184,163,0,0,250.0,0
3433,183,158,0,0,1019.8,0
3434,183,157,0,0,1000.0,0
3442,182,151,0,0,869.0,0
3443,182,150,0,0,1000.0,0
3451,182,144,0,0,750.0,0
3453,182,142,0,0,2000.0,0
3461,182,137,0,0,625.0,0
3463,182,134,0,0,1500.0,0
3471,182,130,0,0,571.4,0
3473,181,127,0,0,1581.1,0
3480,181,126,0,0,166.7,0
3483,181,124,0,0,666.7,0
3490,180,120,0,0,687.2,0
3499,180,118,0,0,250.0,0
3509,180,116,0,0,200.0,0
3513,180,115,0,0,250.0,0
3519,180,113,0,0,400.0,0
3527,180,112,0,0,125.0,0
3537,180,111,0,0,111.1,0
3540,180,110,0,0,500.0,0
3547,180,109,0,0,142.9,0
3548,180,108,0,0,1000.0,0
3556,180,107,0,0,142.9,0
3558,180,106,0,0,500.0,0
3568,180,105,0,0,111.1,0
4421,180,105,0,1,111.1,0
4481,180,105,0,0,111.1,60
4617,180,105,0,1,111.1,0
4651,180,105,0,0,111.1,33
5022,178,105,0,0,5.4,0
5029,175,105,0,0,500.0,0
5031,172,103,0,0,1802.8,0
5038,168,103,0,0,666.7,0
5041,165,102,0,0,1054.1,0
5048,160,102,0,0,833.3,0
5051,157,102,0,0,1000.0,0
5058,153,102,0,0,666.7,0
5061,150,102,0,0,1000.0,0
5067,145,102,0,0,1000.0,0
5068,142,102,0,0,3000.0,0
5076,137,102,0,0,714.3,0
5078,134,102,0,0,1500.0,0
5087,129,102,0,0,625.0,0
5088,128,102,0,0,1000.0,0
5095,123,103,0,0,728.4,0
5097,121,103,0,0,2000.0,0
5104,119,103,0,0,285.7,0
5107,117,104,0,0,1118.0,0
5116,116,104,0,0,111.1,0
5221,116,104,1,0,111.1,0
5237,116,104,0,0,111.1,15
5353,116,104,1,0,111.1,0
5413,116,104,0,0,111.1,59
5639,116,104,0,1,111.1,0
5698,116,104,0,0,111.1,58
5844,116,104,1,0,111.1,0
5924,116,104,0,0,111.1,80
6351,117,103,0,0,3.3,0
6360,121,99,0,0,707.1,0
6361,122,98,0,0,1414.2,0
6369,127,94,0,0,914.7,0
6370,130,91,0,0,4242.6,0
6378,135,86,0,0,1010.2,0
6380,138,84,0,0,1802.8,0
6389,143,78,0,0,976.3,0
6390,146,77,0,0,3162.3,0
6397,150,72,0,0,914.7,0
6400,151,70,0,0,1118.0,0
6406,154,64,0,0,1118.0,0
6410,156,61,0,0,1201.9,0
6416,157,55,0,0,1013.8,0
6420,158,51,0,0,1374.4,0
6425,160,47,0,0,894.4,0
6429,160,45,0,0,500.0,0
6435,161,40,0,0,1019.8,0
6436,161,38,0,0,2000.0,0
6445,161,33,0,0,625.0,0
6446,161,31,0,0,2000.0,0
6454,160,27,0,0,589.0,0
6457,160,25,0,0,666.7,0
6463,159,20,0,0,849.8,0
6466,158,18,0,0,1118.0,0
6472,157,13,0,0,849.8,0
6482,157,8,0,0,555.6,0
6486,156,6,0,0,745.4,0
6491,156,4,0,0,400.0,0
6495,156,2,0,0,500.0,0
6495,156,2,0,0,500.0,0
6495,156,2,0,0,500.0,0
0,0,0,0,0,0.0,0
0,0,0,0,0,0.0,0
0,0,0,0,0,0.0,0
0,0,0,0,0,0.0,0
0,0,0,0,0,0.0,0
0,0,0,0,0,0.0,0
0,0,0,0,0,0.0,0
122,156,2,0,0,1278.8,0
122,156,2,0,0,1278.8,0
122,156,2,0,0,1278.8,0
122,156,2,0,0,1278.8,0
2085,196,199,0,0,102.4,0
2093,196,197,0,0,285.7,0
2103,196,195,0,0,222.2,0
2112,196,194,0,0,125.0,0
2115,196,193,0,0,333.3,0
2134,196,192,0,0,52.6,0
2150,196,191,0,0,62.5,0
2178,196,190,0,0,37.0,0
2198,196,189,0,0,52.6,0
2225,196,188,0,0,37.0,0
2254,196,187,0,0,34.5,0
2273,196,186,0,0,55.6,0
2643,193,187,0,0,8.5,0
2652,190,188,0,0,395.3,0
2656,189,188,0,0,250.0,0
2662,185,189,0,0,824.6,0
2671,183,189,0,0,222.2,0
2673,182,189,0,0,1000.0,0
2680,178,190,0,0,589.0,0
2690,177,190,0,0,111.1,0
2692,176,190,0,0,500.0,0
2699,173,190,0,0,500.0,0
2701,172,190,0,0,500.0,0
2709,170,190,0,0,285.7,0
2719,167,190,0,0,300.0,0
2728,165,190,0,0,250.0,0
2737,163,190,0,0,222.2,0
2751,162,190,0,0,71.4,0
2757,161,190,0,0,200.0,0
2767,160,190,0,0,111.1,0
2774,159,190,0,0,142.9,0
2784,158,190,0,0,111.1,0
2794,157,190,0,0,111.1,0
2797,156,190,0,0,333.3,0
2831,155,190,0,0,30.3,0
2841,154,190,0,0,111.1,0
2842,153,190,0,0,1000.0,0
2851,152,190,0,0,125.0,0
2860,151,190,0,0,125.0,0
2862,150,190,0,0,500.0,0
2879,148,190,0,0,125.0,0
2889,147,190,0,0,111.1,0
2892,146,190,0,0,333.3,0
2897,145,190,0,0,200.0,0
2907,144,190,0,0,111.1,0
2911,143,190,0,0,250.0,0
2918,142,190,0,0,166.7,0
2927,141,190,0,0,125.0,0
2936,140,190,0,0,125.0,0
2944,139,190,0,0,125.0,0
2954,138,190,0,0,111.1,0
2957,137,190,0,0,500.0,0
2964,136,190,0,0,142.9,0
2983,135,190,0,0,55.6,0
4311,135,190,0,1,55.6,0
4415,135,190,0,0,55.6,104
5820,135,190,0,1,55.6,0
5824,135,190,0,0,55.6,4
6491,135,190,0,1,55.6,0
6491,135,190,0,0,55.6,0
7009,135,190,0,1,55.6,0
7009,135,190,0,0,55.6,0
8122,135,190,1,0,55.6,0
9153,135,190,0,0,55.6,1030
10143,135,190,1,0,55.6,0
10158,135,190,0,0,55.6,15
10624,135,190,0,1,55.6,0
10639,135,190,0,0,55.6,15
11255,133,187,0,0,5.9,0
11258,133,186,0,0,500.0,0
11264,133,182,0,0,666.7,0
11274,132,176,0,0,675.9,0
11275,131,174,0,0,2236.1,0
11283,130,171,0,0,451.8,0
11285,130,170,0,0,500.0,0
11293,130,165,0,0,714.3,0
11296,129,162,0,0,1054.1,0
11301,129,159,0,0,600.0,0
11306,128,155,0,0,1030.8,0
11311,128,153,0,0,400.0,0
11316,128,151,0,0,500.0,0
11320,128,148,0,0,750.0,0
11321,128,147,0,0,1000.0,0
11330,128,145,0,0,250.0,0
11331,128,144,0,0,1000.0,0
11341,128,143,0,0,111.1,0
11351,128,142,0,0,111.1,0
11622,127,142,0,0,3.7,0
11631,126,142,0,0,125.0,0
11641,123,142,0,0,333.3,0
11642,122,142,0,0,1000.0,0
11650,119,142,0,0,375.0,0
11652,118,142,0,0,1000.0,0
11659,114,142,0,0,571.4,0
11662,113,142,0,0,500.0,0
11670,107,143,0,0,760.3,0
11678,103,143,0,0,571.4,0
11681,101,143,0,0,666.7,0
11688,97,144,0,0,687.2,0
11698,94,144,0,0,333.3,0
11701,92,144,0,0,666.7,0
11707,91,144,0,0,166.7,0
11711,90,144,0,0,333.3,0
11717,88,144,0,0,400.0,0
11739,87,144,0,0,45.5,0
12345,95,136,0,0,18.7,0
12347,99,132,0,0,2828.4,0
12355,110,121,0,0,2222.3,0
12358,118,112,0,0,4013.9,0
12363,134,97,0,0,4386.3,0
12368,141,91,0,0,2304.9,0
12373,155,78,0,0,3821.0,0
12378,163,73,0,0,2358.5,0
12382,178,59,0,0,5129.6,0
12388,185,53,0,0,1843.9,0
12388,185,53,0,0,1843.9,0
12388,185,53,0,0,1843.9,0
